{
    "accuracy": 1.0,
    "rate_accuracy": 1.0,
    "miss_rate": 0.0,
    "cross_entropy": 0.10496939463768967,
    "cross_entropy_paper": 0.09499755843654678,
    "avg_log_likelihood": -23.915374329779297
}