{
    "accuracy": 0.46,
    "rate_accuracy": 0.8,
    "miss_rate": 0.26,
    "cross_entropy": 0.4501142341907348,
    "cross_entropy_paper": 0.3223835221591625,
    "avg_log_likelihood": -31.435610377510383
}