{
    "accuracy": 0.6958999999999983,
    "rate_accuracy": 0.6957,
    "miss_rate": 0.0,
    "cross_entropy": 0.39052032277759896,
    "cross_entropy_paper": 0.21839304714487937,
    "avg_log_likelihood": -149.47903817790043
}