{
    "accuracy": 0.95,
    "rate_accuracy": 1.0,
    "miss_rate": 0.05,
    "cross_entropy": 0.22398303934413172,
    "cross_entropy_paper": 0.18299521492074963,
    "avg_log_likelihood": -11.12180884834379
}