{
    "accuracy": 1.0,
    "rate_accuracy": 1.0,
    "miss_rate": 0.0,
    "cross_entropy": 2.2219715806431207e-05,
    "cross_entropy_paper": 2.2219222101630665e-05,
    "avg_log_likelihood": -2.2736735343933105
}