{
    "accuracy": 1.0,
    "rate_accuracy": 1.0,
    "miss_rate": 0.0,
    "cross_entropy": 0.1677619066101735,
    "cross_entropy_paper": 0.14359270809937408,
    "avg_log_likelihood": -3.9202888174447197
}