{
    "accuracy": 0.3,
    "rate_accuracy": 0.35,
    "miss_rate": 0.0,
    "cross_entropy": 0.8432914907082808,
    "cross_entropy_paper": 0.30041215850191716,
    "avg_log_likelihood": -844.0566452259407
}