{
    "accuracy": 0.6,
    "rate_accuracy": 0.65,
    "miss_rate": 0.0,
    "cross_entropy": 0.6727238648596453,
    "cross_entropy_paper": 0.2670170140951111,
    "avg_log_likelihood": -328.3004160549121
}