{
    "accuracy": 0.7708999999999946,
    "rate_accuracy": 0.79,
    "miss_rate": 0.0007999999999999999,
    "cross_entropy": 0.2893990714339757,
    "cross_entropy_paper": 0.13404371453753577,
    "avg_log_likelihood": -137.54614767814834
}