{
    "accuracy": 0.74,
    "rate_accuracy": 0.75,
    "miss_rate": 0.0,
    "cross_entropy": 0.41205172852225463,
    "cross_entropy_paper": 0.18996306532088555,
    "avg_log_likelihood": -143.8259488516601
}