{
    "accuracy": 0.9,
    "rate_accuracy": 0.8,
    "miss_rate": 0.0,
    "cross_entropy": 0.6860136993052233,
    "cross_entropy_paper": 0.2667520076498331,
    "avg_log_likelihood": -157.96853289526976
}