{
    "accuracy": 0.79,
    "rate_accuracy": 0.77,
    "miss_rate": 0.0,
    "cross_entropy": 0.4142215533358289,
    "cross_entropy_paper": 0.18671484139581235,
    "avg_log_likelihood": -145.00118123206587
}