{
    "accuracy": 0.7699999999999998,
    "rate_accuracy": 0.77,
    "miss_rate": 0.0,
    "cross_entropy": 0.43346992258117234,
    "cross_entropy_paper": 0.19230110508612597,
    "avg_log_likelihood": -143.1418205515067
}