{
    "accuracy": 0.8271999999999936,
    "rate_accuracy": 0.8302,
    "miss_rate": 0.0001,
    "cond_entropy": 0.250287556355624,
    "cond_entropy_paper": 0.11560316046555458,
    "avg_log_likelihood": -135.38763168686435
}