{
    "accuracy": 0.7,
    "rate_accuracy": 0.8,
    "miss_rate": 0.1,
    "cross_entropy": 0.25303242495555395,
    "cross_entropy_paper": 0.2362467773306824,
    "avg_log_likelihood": -33.20707561657699
}