{
    "accuracy": 0.55,
    "rate_accuracy": 0.6,
    "miss_rate": 0.0,
    "cross_entropy": 0.8729853604579332,
    "cross_entropy_paper": 0.30961074378344183,
    "avg_log_likelihood": -199.4808108828329
}