{
    "accuracy": 0.9,
    "rate_accuracy": 1.0,
    "miss_rate": 0.1,
    "cond_entropy": 0.21822478916869495,
    "cond_entropy_paper": 0.17913343342619836,
    "avg_log_likelihood": -9.052839758154004
}