{
    "accuracy": 0.5700000000000001,
    "rate_accuracy": 0.48,
    "miss_rate": 0.0,
    "cross_entropy": 0.673364492006435,
    "cross_entropy_paper": 0.30677798661114203,
    "avg_log_likelihood": -185.22967770096378
}