{
    "accuracy": 0.5226999999999994,
    "rate_accuracy": 0.5274,
    "miss_rate": 0.0,
    "cross_entropy": 0.5125333645556831,
    "cross_entropy_paper": 0.2852394235012332,
    "avg_log_likelihood": -176.3126654770213
}