{
    "accuracy": 0.8000000000000002,
    "rate_accuracy": 0.81,
    "miss_rate": 0.0,
    "cross_entropy": 0.4429955731775002,
    "cross_entropy_paper": 0.19657615506973805,
    "avg_log_likelihood": -143.5428150047412
}