{
    "accuracy": 0.7700000000000001,
    "rate_accuracy": 0.77,
    "miss_rate": 0.0,
    "cross_entropy": 0.47094897750096687,
    "cross_entropy_paper": 0.2083299580962878,
    "avg_log_likelihood": -145.6631958431603
}