{
    "accuracy": 0.2,
    "rate_accuracy": 0.2,
    "miss_rate": 0.0,
    "cross_entropy": 0.871897678711488,
    "cross_entropy_paper": 0.8541774945279281,
    "avg_log_likelihood": -1115.7051824643581
}