{
    "accuracy": 0.8,
    "rate_accuracy": 0.75,
    "miss_rate": 0.0,
    "cross_entropy": 0.05506858556658082,
    "cross_entropy_paper": 0.03501774465593208,
    "avg_log_likelihood": -322.50623696528265
}